<?xml version="1.0" encoding="UTF-8"?>
<site>
   <description name="AgileJ Update Site" url="http://www.agilej.com/structureViews">
      AgileJ StructureViews update site
   </description>
   <feature url="features/com.agilej.feature_1.8.1.v20150317-1212.jar" id="com.agilej.feature" version="1.8.1.v20150317-1212" os="" ws="">
      <category name="Java Visualization"/>
   </feature>
   <feature url="features/com.agilej.batch.feature_1.8.1.v20150317-1212.jar" id="com.agilej.batch.feature" version="1.8.1.v20150317-1212">
      <category name="Java Visualization"/>
   </feature>
   <category-def name="Java Visualization" label="Java Visualization">
      <description>
         Java Visualization tools
      </description>
   </category-def>
</site>
